publisher,_column,last_name,first_name,year_pub,title,cartodb_id,pub_location,latitude,longitude,org_year_pub,title_org_lang,org_pub_country,org_pub_city
Oficina de Juan Alzine,128,Claris De Florian,Jean Pierre,1800,Novelas nuevas,129,Perpiñán,42.6985304,2.8953121,1792,Nouvelles nouvelles,France,París
María Eugenia Villagordo,129,Claris De Florian,Jean Pierre,1800,Novelas nuevas,130,Salamanca,40.9651572,-5.6640182,1792,Nouvelles nouvelles,France,París
Toxar,46,Helme,Elizabeth,1803,Luisa o la cabaña en el valle,47,Salamanca,40.9651572,-5.6640182,1787,Louise or The Cottage on the Moor,UK,London
,137,Saint-lambert,Jean-François,1803,Colección de cuentos morales que contiene el Zimeo,138,Madrid,40.4167047,-3.7035825,1769,Ziméo,Netherlands,Amsterdam
Antonio Cruzado,143,Meissner,Auguste Gottlieb,1803,Memorias de Blanca Capello,144,Madrid,40.4167047,-3.7035825,1785,Bianka Capello,Germany,Mannheim
Gómez Fuentenebro,43,Fielding,Sarah,1804,La huerfanita inglesa o Historia de Carlota Summers,44,Madrid,40.4167047,-3.7035825,1749,The History of Charlotte Summers,UK,London
Repullés,106,Baculard d'Arnaud,François Thomas,1804,Lorimón o el hombre según es,107,Madrid,40.4167047,-3.7035825,1800,"Lorimon: ou, L'homme tel qu'il est",France,París
Collado,120,Condesa De Genlis,Caroline-stéphanie-felicité Du Crest,1804,Las veladas de la quinta,121,Madrid,40.4167047,-3.7035825,1782,Les veillées du château ou cours morale à l'usage des enfants,France,París
Fuentenebro,108,Blanchard,Pierre,1805,El sepulcro en el monte,109,Madrid,40.4167047,-3.7035825,1793,Félix et Pauline ou le tombeau au pied du Mont-Jura,France,París
Repullés,39,Horsley Curties,T.J.,1806,Etelvina o Historia de la baronesa de Castle Acre,40,Madrid,40.4167047,-3.7035825,1799,Ethelwina or the House of Fitz-Aubune,UK,London
Villalpando,109,Blanchard,Pierre,1806,Félix y Paulina o El sepulcro al pie del Monte Jura,110,Madrid,40.4167047,-3.7035825,1793,Félix et Pauline ou le tombeau au pied du Mont-Jura,France,París
Biblioteca periodica de Ciencias y Artes,144,Tschink,Cajetan,1806,La víctima de la magia o los misterios de la Revolución de P,145,Madrid,40.4167047,-3.7035825,1790,Geschichte eines Geistersehers,Austria,Vienna
Calle de la Grada,47,Helme,Elizabeth,1807,Alberto o El desierto de Strathnavern,48,Madrid,40.4167047,-3.7035825,1799,Albert or the Wilds of Strathnavern,UK,London
Vega,29,Roche,Regina Maria,1808,Los niños de la Abadía,30,Madrid,40.4167047,-3.7035825,1796,The Children of the Abbey,UK,London
Vallín,111,Brayer De Saint-léon,Louise,1808,Maclovia y Federico o Las minas del Tirol,112,Madrid,40.4167047,-3.7035825,1804,Maclovie ou les mines du Tyrol,France,París
Real,142,Naubert,Christiane Benedicte,1808,Herman de Unna rasgo historial de Alemania,143,Madrid,40.4167047,-3.7035825,1788,Hermann von Unna eme Geshichte aux der Zeit der Vehmegerichte,Germany,Leipzig
Oficina de Juan Alzine,130,Claris De Florian,Jean Pierre,1811,Novelas nuevas,131,Perpiñán,42.6985304,2.8953121,1792,Nouvelles nouvelles,France,París
Silverio Lleyxá,131,Claris De Florian,Jean Pierre,1812,Novelas,132,Mataró,41.5398348,2.4448926,1792,Nouvelles nouvelles,France,París
Ildefonso Mompié,112,Brayer De Saint-léon,Louise,1816,Maclovia y Federico o Las minas del Tirol,113,Valencia,39.4699014,-0.3759513,1804,Maclovie ou les mines du Tyrol,France,París
Villalpando,2,Lee,Sophia,1817,El subterráneo o las dos hermanas Matilde y Leonor,3,Madrid,40.4167047,-3.7035825,1785,The Recess,UK,London
A. Brusi,3,Lee,Sophia,1818,El subterráneo o las dos hermanas Matilde y Leonor,4,Barcelona,41.3828939,2.1774322,1785,The Recess,UK,London
J. M. P. Cabrerizo,6,Radcliffe,Ann,1818,Julia o los subterráneos del castillo de Mazzini,7,Valencia,39.4699014,-0.3759513,1790,A Sicilian Romance,UK,London
Juan Dorca,30,Roche,Regina Maria,1818,Oscar y Amanda o los descendientes de la Abadía,31,Barcelona,41.3828939,2.1774322,1796,The Children of the Abbey,UK,London
J. M. P. Cabrerizo,7,Radcliffe,Ann,1819,Julia o los subterráneos del castillo de Mazzini,8,Valencia,39.4699014,-0.3759513,1790,A Sicilian Romance,UK,London
,48,Helme,Elizabeth,1819,Luisa o la cabaña en el valle,49,Barcelona,41.3828939,2.1774322,1787,Louise or The Cottage on the Moor,UK,London
Seguin,132,Claris De Florian,Jean Pierre,1819,Novelas nuevas,133,Avignon,43.9492493,4.8059012,1792,Nouvelles nouvelles,France,París
Viuda de Barco López,466,Gueullette,Thomas-Simon,1820,Cuentos tártaros. Los mil y un quartos de hora,464,Madrid,40.4167047,-3.7035825,1715,Les Mille et Una Quarts d'heure contes tartars,France,París
Rosa,4,Lewis,Mathew Gregory,1821,El fraile o la historia del padre Ambrosio y de la bella Antonia,5,París,48.8566101,2.3514992,1796,The Monk,UK,London
Cruz y Miyar,8,Radcliffe,Ann,1821,El confesonario de los penitentes negros,9,Madrid,40.4167047,-3.7035825,1797,The Italian,UK,London
Oliveres,9,Radcliffe,Ann,1822,Julia o los subterráneos del castillo de Mazzini,10,Valencia,39.4699014,-0.3759513,1790,A Sicilian Romance,UK,London
Smith,49,Helme,Elizabeth,1823,Luisa o la cabaña en el valle,50,París,48.8566101,2.3514992,1787,Louise or The Cottage on the Moor,UK,London
Smith,55,Vizconde d'Arlincourt,Charles-Victor Prevost,1823,El solitario,56,París,48.8566101,2.3514992,1821,Le solitaire,France,París
Sancha,85,Pigault-Lebrun,Charles Antoine Guillaume,1823,Los barones de Felsheim,86,Madrid,40.4167047,-3.7035825,1802,Les barons de Felsheim,France,París
Smith,86,Pigault-Lebrun,Charles Antoine Guillaume,1824,Los barones de Felsheim,87,París,48.8566101,2.3514992,1802,Les barons de Felsheim,France,París
Narciso Oliva,157,Polidori,John W.(Lord Byron),1824,El vampiro,158,Barcelona,41.3828939,2.1774322,1819,The Vampire,UK,London
Smith,450,Perrault,Charles,1824,Cuentos de hadas,448,París,48.8566101,2.3514992,1697,Contes de ma mère l’Oye,France,París
J. Smith,22,Chaussier,Hector,1825,El sepulcro,23,París,48.8566101,2.3514992,1821,Le Tombeau,France,París
Smith,89,Regnalt-Warin,Jean Joseph,1826,La caverna de Strozzi,90,París,48.8566101,2.3514992,1798,La caverne de Strozzi,France,París
J. Alzine,161,Scott,Walter,1826,El enano misterioso,162,Perpiñán,42.6985304,2.8953121,1817,The Black Dwarf,UK,London
,44,Fielding,Sarah,1826,La huerfanita inglesa o Historia de Carlota Summers,45,Girona,41.9793006,2.8199439,1749,The History of Charlotte Summers,UK,London
Smith,50,Helme,Elizabeth,1827,Luisa o la cabaña en el valle,51,París,48.8566101,2.3514992,1787,Louise or The Cottage on the Moor,UK,London
,133,Marquesa De Ortinmar Mérard De Saint-just,Anne Jeanne Felicité D’ormoy,1827,El castillo negro o los trabajos de la joven Ofelia,134,Madrid,40.4167047,-3.7035825,1799,Le Château Noir ou les souffrances de la jeune Ophelle,France,París
J. Smith,23,Moore,George,1828,La abadía de Grasvile,24,París,48.8566101,2.3514992,1793,Grasville abbey,UK,London
J. Smith,24,Cuthbertson,Catherine,1828,Las visiones del castillo de los Pirineos,25,París,48.8566101,2.3514992,1803,Romance of the Pyrenees,UK,London
Manuel Saurí,31,Roche,Regina Maria,1828,Oscar y Amanda o Los descendientes de la Abadía,32,Barcelona,41.3828939,2.1774322,1796,The Children of the Abbey,UK,London
J. Smith,10,Radcliffe,Ann,1829,Los subterráneos del castillo de Mazzini,11,París,48.8566101,2.3514992,1790,A Sicilian Romance,UK,London
Repullés,54,Richardson,Samuel,1829,Clara Harlowe,55,Madrid,40.4167047,-3.7035825,1748,Clarissa or the History of a Young Lady,UK,London
Cosson,121,Condesa De Genlis,Caroline-stéphanie-felicité Du Crest,1829,Las veladas de la quinta,122,París,48.8566101,2.3514992,1782,Les veillées du château ou cours morale à l'usage des enfants,France,París
Librería Americana,134,Marquesa De Ortinmar Mérard De Saint-just,Anne Jeanne Felicité D’ormoy,1829,El castillo negro o los trabajos de la joven Ofelia,135,París,48.8566101,2.3514992,1799,Le Château Noir ou les souffrances de la jeune Ophelle,France,París
Deocurchant,158,Polidori,John W.(Lord Byron),1829,El vampiro,159,París,48.8566101,2.3514992,1819,The Vampire,UK,London
Pedro Higinio Barinaga,162,Scott,Walter,1829,El enano misterioso,163,Madrid,40.4167047,-3.7035825,1817,The Black Dwarf,UK,London
D. Esteban Picardo,163,Scott,Walter,1829,El enano misterioso,164,Cádiz,36.5298292,-6.2925679,1817,The Black Dwarf,UK,London
Espinosa,386,Irving,Washington,1829,Tareas de un solitario o nueva colecdón de novelas,384,Madrid,40.4167047,-3.7035825,1832,Tales of the Alhambra,USA,New York
L. Sancha,11,Radcliffe,Ann,1830,Adelina o la abadía de la selva,12,Madrid,40.4167047,-3.7035825,1791,The Romance of the Forest,UK,London
Bueno,25,Chaussier,Hector,1830,El sepulcro,26,Madrid,40.4167047,-3.7035825,1821,Le Tombeau,France,París
Cabrerizo,56,Vizconde d'Arlincourt,Charles-Victor Prevost,1830,El solitario del monte salvaje,57,Valencia,39.4699014,-0.3759513,1821,Le solitaire,France,París
Bueno,90,Regnalt-Warin,Jean Joseph,1830,La caverna de Strozzi,91,Madrid,40.4167047,-3.7035825,1798,La caverne de Strozzi,France,París
,107,Baculard d'Arnaud,François Thomas,1830,Experimentos de sensibilidad,108,Madrid,40.4167047,-3.7035825,1772,Les epreuves du sentiment,France,París
Jordán,164,Scott,Walter,1830,La dama del lago,165,Madrid,40.4167047,-3.7035825,1810,The Lady of the Lake,UK,London
Jordán,165,Scott,Walter,1830,El espejo de la tía Margarita,166,Madrid,40.4167047,-3.7035825,1828,My Aunt Margaret's Mirror,UK,London
Jordán,166,Scott,Walter,1830,El aposento entapizado,167,Madrid,40.4167047,-3.7035825,1829,The Tapestried Chamber,UK,London
Cabrerizo,451,Perrault,Charles,1830,Barba Azul o la llave encantada,449,Valencia,39.4699014,-0.3759513,1697,Contes de ma mère l’Oye,France,París
Fuentenebro,32,Roche,Regina Maria,1831,Clermont,33,Madrid,40.4167047,-3.7035825,1798,Clermont,UK,London
Pillet,138,Madame De Saint-vénant,,1831,Olimpia o los bandoleros de los Pirineos,139,París,48.8566101,2.3514992,1802,Olympia,France,París
Pillet,140,Condesa De Rouault De La Haye (condesa De Nardouet),,1831,Barbarinski o Los bandoleros del castillo de Wisegrado,141,París,48.8566101,2.3514992,1818,Barbarin-ki ou les brigades du château de Wissegrade,France,París
Jordán,167,Scott,Walter,1831,Woodstock o El caballero,168,Madrid,40.4167047,-3.7035825,1826,Woodstock,UK,London
Jordán,168,Scott,Walter,1831,Carlos el temerario o Ana Geierstein,169,Madrid,40.4167047,-3.7035825,1829,Anne of Geierstein,UK,London
Periódico Literario y Mercantil,190,Bürger,G. A.,1831,Leonor,190,Madrid,40.4167047,-3.7035825,1774,Lenore,Germany,Göttingen
El Correo Peródico Literario y Mercantil,212,Hoffmann,E. T. A.,1831,El sastrecillo de Sachsenhausen. Cuento fantático,212,Madrid,40.4167047,-3.7035825,1822,Meister Floh,Germany,Frankfurt
Pillet,12,Radcliffe,Ann,1832,El italiano o El confesonario de los penitentes negros,13,París,48.8566101,2.3514992,1797,The Italian,UK,London
Pillet,13,Radcliffe,Ann,1832,Los misterios de Udolfo,14,París,48.8566101,2.3514992,1794,The Mysteries of Udolpho,UK,London
A. Bergnes,169,Scott,Walter,1832,El enano misterioso,170,Barcelona,41.3828939,2.1774322,1817,The Black Dwarf,UK,London
Pillet,14,Radcliffe,Ann,1833,La selva o la abadía de Santa Clara,15,París,48.8566101,2.3514992,1791,The Romance of the Forest,UK,London
Miguel González,113,Brayer De Saint-léon,Louise,1833,Maclovia y Federico o Las minas del Tirol,114,México,19.4326009,-99.1333416,1804,Maclovie ou les mines du Tyrol,France,París
Pillet,141,Condesa De Rouault De La Haye (condesa De Nardouet),,1833,Sobremar o los fantasmas,142,París,48.8566101,2.3514992,1821,Le Château de Sombremar ou Les deux fantomes,France,París
A. Bergnes,170,Scott,Walter,1833,Historia de Willie el Errante,171,Barcelona,41.3828939,2.1774322,1824,Wandering Willie's Tale,UK,London
El Correo de las Damas,187,Anonymous,,1833,Una aparición,188,Madrid,40.4167047,-3.7035825,,,,
Ch Bouret,327,Nodier,Charles,1833,El Genio Bonachón,327,París,48.8566101,2.3514992,1837,Le Génie Bonhomme,France,París
Librería de Malien y Berard,387,Irving,Washington,1833,Cuentos de la Alhambra,385,Valencia,39.4699014,-0.3759513,1832,Tales of the Alhambra,USA,New York
Imprenta del Amor de Dios,305,Nodier,Charles,1833,El Desván de los duendes,305,Madrid,40.4167047,-3.7035825,1822,Infernaliana,France,París
Pillet,51,Helme,Elizabeth,1834,Alberto o El desierto de Strathnavern,52,París,48.8566101,2.3514992,1799,Albert or the Wilds of Strathnavern,UK,London
Ramón M. Indar,57,Vizconde d'Arlincourt,Charles-Victor Prevost,1834,El cervecero rey crónica flamenca del siglo XIV,58,Barcelona,41.3828939,2.1774322,1834,Le brasseur roi,France,París
D. R. Linares,242,"Balzac, de",Honoré,1834,La última hechicera,242,Madrid,40.4167047,-3.7035825,1823,La dernière Fée ou La nouvelle lampe merveilleuse,France,París
Pillet,0,Lee,Harriet,1835,El asesinato,1,París,48.8566101,2.3514992,1797,The German Tale,UK,London
,15,Radcliffe,Ann,1835,El confesonario de los penitentes negros,16,Madrid,40.4167047,-3.7035825,1797,The Italian,UK,London
Tomás Jordán,67,Hugo,Victor,1835,Han de Islandia,68,Madrid,40.4167047,-3.7035825,1823,Han d'Islande,France,París
Tomás Jordán,68,Hugo,Victor,1835,Bug-Jargal,69,Madrid,40.4167047,-3.7035825,1826,Bug-Jargal,France,París
,122,Condesa De Genlis,Caroline-stéphanie-felicité Du Crest,1835,Bernecidas,123,Madrid,40.4167047,-3.7035825,1795,Les Chevaliers du Cygne ou la Cour de Charlemagne,France,París
,337,Sue,Eugène,1835,Atar-Gullo la venganza,335,Valencia,39.4699014,-0.3759513,1831,Atar-Gull,France,París
,388,Irving,Washington,1835,Aventuras de un estudiante alemán,386,Madrid,40.4167047,-3.7035825,1824,The Adventure of the German Student,USA,New York
,390,Irving,Washington,1835,Aventuras de un estudiante alemán,388,Madrid,40.4167047,-3.7035825,1824,The Adventure of the German Student,USA,New York
Manuel Saurí,16,Radcliffe,Ann,1836,El italiano o el confesonario de los penitentes negros,17,Barcelona,41.3828939,2.1774322,1797,The Italian,UK,London
Pillet,58,Vizconde d'Arlincourt,Charles-Victor Prevost,1836,El solitario,59,París,48.8566101,2.3514992,1821,Le solitaire,France,París
Agustín Gaspar y Compañía,59,Vizconde d'Arlincourt,Charles-Victor Prevost,1836,El solitario,60,Barcelona,41.3828939,2.1774322,1821,Le solitaire,France,París
Piferrer,60,Vizconde d'Arlincourt,Charles-Victor Prevost,1836,El solitario,61,Barcelona,41.3828939,2.1774322,1821,Le solitaire,France,París
Rosa,69,Hugo,Victor,1836,Bug-Jargal,70,París,48.8566101,2.3514992,1826,Bug-Jargal,France,París
Oliva,110,Blanchard,Pierre,1836,Félix y Paulina o El sepulcro al pie del Monte Jura,111,Barcelona,41.3828939,2.1774322,1793,Félix et Pauline ou le tombeau au pied du Mont-Jura,France,París
Gimeno,139,Madame De Saint-vénant,,1836,Olimpia o los bandoleros de los Pirineos,140,Valencia,39.4699014,-0.3759513,1802,Olympia,France,París
I. Sancha,243,"Balzac, de",Honoré,1836,Jesucristo en Flandes,243,Madrid,40.4167047,-3.7035825,1831,Jésus-Christ en Flandre,France,París
,389,Irving,Washington,1836,El espectro desposado,387,Madrid,40.4167047,-3.7035825,1819,The Spectre Bridegroom,USA,New York
Ramón M Indar,33,Roche,Regina Maria,1837,Oscar y Amanda o Los descendientes de la Abadía,34,Barcelona,41.3828939,2.1774322,1796,The Children of the Abbey,UK,London
Oliveres,84,Guénard (baronne De Méré),Madame (Elisabeth),1837,Los capuchinos o El secreto del gabinete oscuro,85,Barcelona,41.3828939,2.1774322,1808,Les Capucins ou le Secret du cabinet noir histoire véritable,France,París
Oliveres y Gavarró,91,Soulié,Frédéric,1837,Carlos y Cromwell o Los dos cadáveres,92,Barcelona,41.3828939,2.1774322,1832,Les deux cadavres,France,París
A. Bergnes,171,Scott,Walter,1837,El enano misterioso,172,Barcelona,41.3828939,2.1774322,1817,The Black Dwarf,UK,London
No Me Olvides,196,Goethe,J. W.,1837,El mango de la escoba,196,Madrid,40.4167047,-3.7035825,1827,Der Zauberlehrling,Germany,Stuttgart
Tomás Jordán,213,Hoffmann,E. T. A.,1837,La lección de violin,213,Madrid,40.4167047,-3.7035825,1820,Die Serapion-Brüder III,Germany,Berlin
Semanario Pintoresco Español,238,Schubart,Christian Friedrich Daniel,1837,Ashavero o el judío errante Leyenda,238,Madrid,40.4167047,-3.7035825,1787,"""Der Ewige Jude""",Germany,Leipzig
Revista Europea,306,Nodier,Charles,1837,Inés de las Sierras,306,Madrid,40.4167047,-3.7035825,1837,Inés de las Sierras,France,París
Sancha,173,Scott,Walter,1838,Guy Mannering o El Astrólogo,174,Madrid,40.4167047,-3.7035825,1815,Guy Mannering,UK,London
S. Albert,83,Lacroix,Paul (P. L. Jacob),1838,Los dos bufones,84,Madrid,40.4167047,-3.7035825,1830,Les deux fous,France,París
Manuel Saurí,87,Pigault-Lebrun,Charles Antoine Guillaume,1838,Los barones de Felsheim,88,Barcelona,41.3828939,2.1774322,1802,Les barons de Felsheim,France,París
Ramón Martín Indar,92,Soulié,Frédéric,1838,Las memorias del diablo,93,Barcelona,41.3828939,2.1774322,1837,Les mémoires du diable,France,París
R. Oliva,172,Scott,Walter,1838,El cuarto entapizado o La vieja de la bata,173,Habana,23.135305,-82.3589631,1829,The Tapestried Chamber,UK,London
B. Núñez,26,Cuthbertson,Catherine,1839,Las visiones del castillo de los Pirineos,27,El Puerto de Santa María,36.601468,-6.2381494,1803,Romance of the Pyrenees,UK,London
Pillet,34,Roche,Regina Maria,1839,El monasterio de San Columban o El caballero de las armas rojas,35,París,48.8566101,2.3514992,1813,The monastery of St. Columb; or The atonement,UK,London
Yenes,214,Hoffmann,E. T. A.,1839,Cuentos fantásticos,214,Madrid,40.4167047,-3.7035825,1821,Die Serapion-Brüder IV,Germany,Berlin
El Museo de las Familias,233,Richter,Jean Paul,1839,El sueño de una pobre loca,233,Madrid,40.4167047,-3.7035825,1796,Siebenkäs,Germany,Berlin
El Museo de las Familias,239,Zschokke,Heinrich,1839,El muerto desposado,239,Madrid,40.4167047,-3.7035825,1820,,Switzerland,Aarau
Ignacio Oliveres,244,"Balzac, de",Honoré,1839,Obras. Cuentos filosóficos,244,Barcelona,41.3828939,2.1774322,1831,,France,París
Omaña,245,"Balzac, de",Honoré,1839,El alquimista flamenco,245,Madrid,40.4167047,-3.7035825,1834,La recherche de l'absolu,France,París
Manuel Saurí,307,Nodier,Charles,1839,Inés de las Sierras,307,Barcelona,41.3828939,2.1774322,1837,Inés de las Sierras,France,París
Cabrerizo,17,Radcliffe,Ann,1840,Julia o los subterráneos del castillo de Mazzini,18,Valencia,39.4699014,-0.3759513,1791,A Sicilian Romance,UK,London
Oliva,61,Vizconde d'Arlincourt,Charles-Victor Prevost,1840,El solitario,62,Barcelona,41.3828939,2.1774322,1821,Le solitaire,France,París
Manuel Saurí,70,Hugo,Victor,1840,Bug-Jargal o el negro rey,71,Barcelona,41.3828939,2.1774322,1826,Bug-Jargal,France,París
Schneider,174,Scott,Walter,1840,Guy Mannering o El Astrólogo,175,París,48.8566101,2.3514992,1815,Guy Mannering,UK,London
Rosa,175,Scott,Walter,1840,El Monasterio,176,París,48.8566101,2.3514992,1820,The Monastery,UK,London
,176,Scott,Walter,1840,El Monasterio,177,Madrid,40.4167047,-3.7035825,1820,The Monastery,UK,London
Pintoresco Español,191,Bürger,G. A.,1840,Lenorá,191,Madrid,40.4167047,-3.7035825,1774,Lenore,Germany,Göttingen
La Palma,235,Richter,Jean Paul,1840,Un sueño,235,Madrid,40.4167047,-3.7035825,1796,Siebenkäs,Germany,Berlin
El Panorama,234,Richter,Jean Paul,1840,Un sueño,234,Madrid,40.4167047,-3.7035825,1796,Siebenkäs,Germany,Berlin
I. Boix,246,"Balzac, de",Honoré,1840,La última hechicera,246,Madrid,40.4167047,-3.7035825,1823,La dernière Fée ou La nouvelle lampe merveilleuse,France,París
Semanario Pintoresco Español,288,Gautier,Théophile,1840,El caballero doble,288,Madrid,40.4167047,-3.7035825,1840,Le Chevalier double,France,París
M. Tauló,308,Nodier,Charles,1840,Smarra o los demonios de la noche,308,Barcelona,41.3828939,2.1774322,1821,Smarra ou les Démons de la Nuit,France,París
J. Tauló,338,Sue,Eugène,1840,Atar-Gull novela marítima,336,Barcelona,41.3828939,2.1774322,1831,Atar-Gull,France,París
A Sellas y Oliva,339,Sue,Eugène,1840,Atar-Gull o El esclavo,337,Barcelona,41.3828939,2.1774322,1831,Atar-Gull,France,París
El Museo de las Familias,371,Hawthorne,Nathaniel,1840,La vieja doncella de Boston.Leyenda americana,369,Madrid,40.4167047,-3.7035825,1835,The White Old Maid,USA,Boston
Semanario Pintoresco Español,391,Irving,Washington,1840,El califa y el astrólogo. Cuento granadino,389,Madrid,40.4167047,-3.7035825,1832,Legend of the Arabian Astrologer,USA,New York
Semanario Pintoresco Español,392,Irving,Washington,1840,Cuento de la Alhambra. El comandante manco y el soldado,390,Madrid,40.4167047,-3.7035825,1832,Governor Manco and the Soldier,USA,New York
Garnier Hermanos,452,Perrault,Charles,1840,Cuentos de hadas,450,París,48.8566101,2.3514992,1697,Contes de ma mère l’Oye,France,París
Cabrerizo,453,Perrault,Charles,1840,Barba Azul o la llave encantada colección de cuentos maravillosos,451,Valencia,39.4699014,-0.3759513,1697,Contes de ma mère l’Oye,France,París
Manuel Saurí,71,Hugo,Victor,1841,Bug-Jargal o el negro rey,72,Barcelona,41.3828939,2.1774322,1826,Bug-Jargal,France,París
Popular,159,Polidori,John W.(Lord Byron),1841,El vampiro,160,Madrid,40.4167047,-3.7035825,1819,The Vampire,UK,London
,177,Scott,Walter,1841,El Monasterio,178,Madrid,40.4167047,-3.7035825,1820,The Monastery,UK,London
Revista de Teatros,215,Hoffmann,E. T. A.,1841,El reflejo perdido,215,Madrid,40.4167047,-3.7035825,1815,Die Abenteuer der Silvester-Nacht,Germany,Berlin
Librería del Establecimiento Central,216,Hoffmann,E. T. A.,1841,El Mayorazgo,216,Madrid,40.4167047,-3.7035825,1817,Das Majorat,Germany,Berlin
El Iris,236,Richter,Jean Paul,1841,El ensueño de Juan Pablo,236,Madrid,40.4167047,-3.7035825,1796,Siebenkäs,Germany,Berlin
,72,Hugo,Victor,1841,Bug-Jargal,73,New York,40.7308619,-73.9871558,1826,Bug-Jargal,France,París
Oliva,45,Fielding,Sarah,1842,La huerfanita inglesa o Historia de Carlota Summers,46,Barcelona,41.3828939,2.1774322,1749,The History of Charlotte Summers,UK,London
Albert,52,Helme,Elizabeth,1842,Luisa o la cabaña en el valle,53,Barcelona,41.3828939,2.1774322,1787,Louise or The Cottage on the Moor,UK,London
Ramón M. Indar,62,Vizconde d'Arlincourt,Charles-Victor Prevost,1842,El cervecero rey crónica flamenca del siglo X.IV,63,Barcelona,41.3828939,2.1774322,1834,Le solitaire,France,París
José Tauló,63,Vizconde d'Arlincourt,Charles-Victor Prevost,1842,El solitario,64,Barcelona,41.3828939,2.1774322,1821,Le solitaire,France,París
Manuel Saurí,73,Hugo,Victor,1842,Han de Islandia o el hombre fiera,74,Barcelona,41.3828939,2.1774322,1823,Han d'Islande,France,París
Pillet,114,Brayer De Saint-léon,Louise,1842,Maclovia y Federico o Las minas del Tirol,115,París,48.8566101,2.3514992,1804,Maclovie ou les mines du Tyrol,France,París
Manuel Saurí,115,Brayer De Saint-léon,Louise,1842,Maclovia y Federico o Las minas del Tirol,116,Barcelona,41.3828939,2.1774322,1804,Maclovie ou les mines du Tyrol,France,París
Sociedad Editorial la Maravilla,123,Condesa De Genlis,Caroline-stéphanie-felicité Du Crest,1842,Las veladas de la quinta,124,Barcelona,41.3828939,2.1774322,1782,Les veillées du château ou cours morale à l'usage des enfants,France,París
Manuel Saurí,135,Marquesa De Ortinmar Mérard De Saint-just,Anne Jeanne Felicité D’ormoy,1842,E/ castillo negro o los trabajos de la joven Ofelia,136,Barcelona,41.3828939,2.1774322,1799,Le Château Noir ou les souffrances de la jeune Ophelle,France,París
J. Oliveres,309,Nodier,Charles,1842,Trilby o el duende de Argail,309,Barcelona,41.3828939,2.1774322,1822,Trilby ou Le Lutin d'Argail,France,París
El Heraldo,331,Sand,George,1842,Consuelo,331,Madrid,40.4167047,-3.7035825,1842,Consuelo,France,París
,411,Poe,Edgar Allan,1843,La carta robada,409,Madrid,40.4167047,-3.7035825,1845,The Purloined Letter,USA,New York
Manuel Saurí,18,Radcliffe,Ann,1843,El confesonario de los penitentes negros,19,Barcelona,41.3828939,2.1774322,1797,The Italian,UK,London
Unión Comercial,27,Houssaye,Arsène,1843,El castillo de Nebelstein,28,Madrid,40.4167047,-3.7035825,1841,La trépassée ou le Château de Nebelstein,France,París
Manuel Saurí,40,Horsley Curties,T.J.,1843,Etelvina o Historia de la baronesa de Castle Acre,41,Barcelona,41.3828939,2.1774322,1799,Ethelwina or the House of Fitz-Aubune,UK,London
Establecimiento Central,160,Polidori,John W.(Lord Byron),1843,El vampiro o la sangre de las victimas,161,Madrid,40.4167047,-3.7035825,1819,The Vampire,UK,London
Museo de las Familias,188,Bell,Henry G.,1843,Fantasía literaria M de Wodenblock Historia maravillosa,189,Madrid,40.4167047,-3.7035825,1829,Mynheer von Wodenblock A Marvellous History,UK,Edinburgh
Casa de la Unión Comercial,217,Hoffmann,E. T. A.,1843,Los maestros cantores,217,Madrid,40.4167047,-3.7035825,1819,Der Kampf der Sängep,Germany,Berlin
La Revista Médica,340,Sue,Eugène,1843,Paula Monti o El Hotel Lambert,338,Cádiz,36.5298292,-6.2925679,1842,Paula Monti ou l'Hôtel Lambert,France,París
Revista Médica,178,Scott,Walter,1843,Guy Mannering o El Astrólogo,179,Cádiz,36.5298292,-6.2925679,1815,Guy Mannering,UK,London
Oliva,179,Scott,Walter,1844,El enano misterioso,180,Barcelona,41.3828939,2.1774322,1817,The Black Dwarf,UK,London
Manuel Saurí,180,Scott,Walter,1844,El enano misterioso,181,Barcelona,41.3828939,2.1774322,1817,The Black Dwarf,UK,London
Juan Oliveres,247,"Balzac, de",Honoré,1844,Cuentos filosóficos,247,Barcelona,41.3828939,2.1774322,1839,,France,París
Revista de Teatros,248,"Balzac, de",Honoré,1844,Piel de zapa,248,Madrid,40.4167047,-3.7035825,1831,La Peau de Chagrin,France,París
Juan Oliveres,249,"Balzac, de",Honoré,1844,La piel de zapa,249,Barcelona,41.3828939,2.1774322,1831,La Peau de Chagrin,France,París
P. Mellado,333,Sand,George,1844,La condesa de Rudolstadt,332,Madrid,40.4167047,-3.7035825,1844,La comtesse de Rudolstadt,France,París
P. Mellado,334,Sand,George,1844,Consuelo,333,Madrid,40.4167047,-3.7035825,1842,Consuelo,France,París
W Ayguals de Izco,341,Sue,Eugène,1844,El judío errante,339,Madrid,40.4167047,-3.7035825,1844,Le juif errant,France,París
Gaspar,342,Sue,Eugène,1844,El judío errante,340,Madrid,40.4167047,-3.7035825,1844,Le juif errante,France,París
J. Oliveres,343,Sue,Eugène,1844,El judío errante,341,Barcelona,41.3828939,2.1774322,1844,Le juif errante,France,París
Revista Médica,344,Sue,Eugène,1844,El judío errante,342,Cádiz,36.5298292,-6.2925679,1844,Le juif errante,France,París
Espinosa,345,Sue,Eugène,1844,El judío errante,343,Madrid,40.4167047,-3.7035825,1844,Le juif errante,France,París
Hermanos Llorens,346,Sue,Eugène,1844,El judío errante,344,Barcelona,41.3828939,2.1774322,1844,Le juif errante,France,París
Casa de la Unión Comercial,393,Irving,Washington,1844,"Cuentos de la Alhambra, precedidos de un viaje por la provincia de Granada",391,Madrid,40.4167047,-3.7035825,1832,Tales of the Alhambra,USA,New York
Casa de la Unión Comercial,394,Irving,Washington,1844,Las cinco perlas de la Alhambra: cuentos originales ilustrados con treinta grabados,392,Madrid,40.4167047,-3.7035825,1832,Tales of the Alhambra,USA,New York
Viuda de Brieva,447,Condesa d'Aulnoy,Marie-Catherine Le Jumet De Berneville,1844,Bella Bella o el caballero afortunado,445,Logroño,42.4661196,-2.4396676,1696,Contes des fées,France,París
Campuzano,80,Janin,Jules,1845,El asno muerto,81,Madrid,40.4167047,-3.7035825,1829,L’âne mort et la femme guillotinée,France,París
Benito Monfort,93,Soulié,Frédéric,1845,El vizconde de Béziers,94,Valencia,39.4699014,-0.3759513,1834,Le vicomte de Béziers,France,París
Francisco Oliva,181,Scott,Walter,1845,El Monasterio,182,Barcelona,41.3828939,2.1774322,1820,The Monastery,UK,London
Wenceslao Ayguals de Izco,218,Hoffmann,E. T. A.,1845,Fascinación,218,Madrid,40.4167047,-3.7035825,1814,Der Magnétiseur,Germany,Berlin
José Gaspar,250,"Balzac, de",Honoré,1845,La piel de zapa,250,Madrid,40.4167047,-3.7035825,1831,La Peau de Chagrin,France,París
W. Ayguals de Izco,347,Sue,Eugène,1845,El judío errante,345,Madrid,40.4167047,-3.7035825,1844,Le juif errante,France,París
Sauri Berdeguer y A. Gaspar,348,Sue,Eugène,1845,El judío errante,346,Barcelona,41.3828939,2.1774322,1844,Le juif errante,France,París
,349,Sue,Eugène,1845,El judío errante,347,Madrid,40.4167047,-3.7035825,1844,Le juif errante,France,París
Hermanos Llorens,350,Sue,Eugène,1845,El judío errante,348,Barcelona,41.3828939,2.1774322,1844,Le juif errante,France,París
Mateu Cervera,351,Sue,Eugène,1845,El judío errante,349,Valencia,39.4699014,-0.3759513,1844,Le juif errante,France,París
El Español,352,Sue,Eugène,1845,El judío errante,350,Madrid,40.4167047,-3.7035825,1844,Le juif errante,France,París
Lacrampe,353,Sue,Eugène,1845,El judío errante,351,París,48.8566101,2.3514992,1844,Le juif errante,France,París
la Viuda e hijos de Mayol,354,Sue,Eugène,1845,Atar-Gull novela marítima,352,Madrid,40.4167047,-3.7035825,1831,Atar-Gull,France,París
,395,Irving,Washington,1845,Leyendas de la conquista de España,393,Granada,37.18817,-3.60667,1829,Chronicle of the Conquest of Granada,USA,New York
Gómez,145,Bulwer-lytton,Edward,1846,Zanoni,146,Sevilla,37.3886303,-5.9953171,1842,Zanoni,UK,London
J. Moreno,94,Soulié,Frédéric,1846,El vizconde de Béziers,95,Cádiz,36.5298292,-6.2925679,1834,Le vicomte de Béziers,France,París
Pablo Bustamante,356,Sue,Eugène,1846,Paula Monti o El Hotel Lambert,354,Madrid,40.4167047,-3.7035825,1842,Paula Monti ou l'Hôtel Lambert,France,París
Ruiz,357,Sue,Eugène,1846,El judío errante,355,Logroño,42.4661196,-2.4396676,1844,Le juif errante,France,París
Rosal,95,Soulié,Frédéric,1847,Las memorias del diablo,96,Málaga,36.7213028,-4.4216366,1837,Les mémoires du diable,France,París
Martínez Aguilar,146,Dickens,Charles,1847,La campana de difuntos,147,Málaga,36.7213028,-4.4216366,1844,The Chimes: a Goblin Story of Some Bells that rang an Old Year out and a New One,UK,London
Llorens hermanos,219,Hoffmann,E. T. A.,1847,Obras completas de E. T. A. Hoffmann,219,Barcelona,41.3828939,2.1774322,1821,Nachtstücke & Die Serapion-Brüder I-IV,Germany,Berlin
M. Alvarez,310,Nodier,Charles,1847,La torre maldita,310,Madrid,40.4167047,-3.7035825,1847,,France,París
Wenceslao Ayguals de Izco,220,Hoffmann,E. T. A.,1848,Fascinación,220,Madrid,40.4167047,-3.7035825,1814,Der Magnétiseur,Germany,Berlin
W. Ayguals de Izco,355,Sue,Eugène,1848,Atar-Gull novela marítima,353,Madrid,40.4167047,-3.7035825,1831,Atar-Gull,France,París
,396,Irving,Washington,1848,Cuentos de la Alhambra,394,Granada,37.18817,-3.60667,1832,Tales of the Alhambra,USA,New York
Taller de Encuadernaciones de E. Pujal,64,Vizconde d'Arlincourt,Charles-Victor Prevost,1849,El solitario,65,Barcelona,41.3828939,2.1774322,1821,Le solitaire,France,París
Colegio de Sordomudos,96,Soulié,Frédéric,1849,Las memorias del diablo,97,Madrid,40.4167047,-3.7035825,1837,Les mémoires du diable,France,París
L. García,147,Dickens,Charles,1849,El hombre y el espectro o El pacto,148,Madrid,40.4167047,-3.7035825,1848,The Haunted Man and the Ghost's Bargain,UK,London
,262,Dumas,Alexandre,1849,Los mil y un fantasmas,262,Madrid,40.4167047,-3.7035825,1849,Les Mille et un Fantômes,France,París
García,263,Dumas,Alexandre,1849,Los mil y un fantasmas,263,Madrid,40.4167047,-3.7035825,1849,Les Mille et un Fantômes,France,París
Viuda e Hijos de Mayol,264,Dumas,Alexandre,1849,Los mil y un fantasmas,264,Madrid,40.4167047,-3.7035825,1849,Les Mille et un Fantômes,France,París
Benavides,397,Irving,Washington,1849,La Rosa de la Alhambra,395,Granada,37.18817,-3.60667,1832,Legend of the Rose of the Alhambra,USA,New York
M. Díaz y Compañía,97,Soulié,Frédéric,1850,Los dos cadáveres,98,Madrid,40.4167047,-3.7035825,1832,Les deux cadavres,France,París
,182,Scott,Walter,1850,Guy Mannering o El Astrólogo,183,Barcelona,41.3828939,2.1774322,1815,Guy Mannering,UK,London
Carbonell y Esteva,221,Hoffmann,E. T. A.,1850,Cuentos fantásticos,221,Barcelona,41.3828939,2.1774322,1821,Serapion-Brüder I-IV,Germany,Berlin
Gabriel Gil,222,Hoffmann,E. T. A.,1850,Cuentos fantásticos,222,Madrid,40.4167047,-3.7035825,1820,Serapion-Brüder II-III,Germany,Berlin
Vicente G. Torre,265,Dumas,Alexandre,1850,Los mil y un fantasmas,265,México,19.4326009,-99.1333416,1849,Les Mille et un Fantômes,France,París
Mellado,98,Soulié,Frédéric,1851,Las memorias del diablo,99,Madrid,40.4167047,-3.7035825,1837,Les mémoires du diable,France,París
La Ilustración,223,Hoffmann,E. T. A.,1851,El poeta y el compositor,223,Madrid,40.4167047,-3.7035825,1819,Der Dichter und der Komponist,Germany,Berlin
Gómez Oro,99,Soulié,Frédéric,1852,Las memorias del diablo,100,Sevilla,37.3886303,-5.9953171,1837,Les mémoires du diable,France,París
Juan R Navarro,358,Sue,Eugène,1852,Paula Monti o El Hotel Lambert,356,Madrid,40.4167047,-3.7035825,1842,Paula Monti ou l'Hôtel Lambert,France,París
Gómez Oro,359,Sue,Eugène,1852,Paula Monti,357,Sevilla,37.3886303,-5.9953171,1842,Paula Monti ou l'Hôtel Lambert,France,París
Biblioteca Universal,448,Condesa d'Aulnoy,Marie-Catherine Le Jumet De Berneville,1852,Cuentos de Madama d'Aulnoy,446,Madrid,40.4167047,-3.7035825,1696,Contes des fées,France,París
Semanario,454,Perrault,Charles,1852,Cuentos,452,Madrid,40.4167047,-3.7035825,1697,Contes de ma mère l’Oye,France,París
,192,Bürger,G. A.,1853,Lenore,192,Palma de Mallorca,39.5695818,2.6500745,1774,Lenore,Germany,Göttingen
Tomás Jordán,74,Hugo,Victor,1853,Han de Islandia,75,Madrid,40.4167047,-3.7035825,1823,Han d'Islande,France,París
,100,Soulié,Frédéric,1853,El vizconde de Béziers,101,Madrid,40.4167047,-3.7035825,1834,Le vicomte de Béziers,France,París
,311,Nodier,Charles,1853,Smarra o los duendes de la noche,311,Madrid,40.4167047,-3.7035825,1821,Smarra ou les Démons de la Nuit,France,París
M. A. Gil,360,Sue,Eugène,1853,La guarida deldiablo,358,Madrid,40.4167047,-3.7035825,1842,La morne-au-diabk,France,París
El Universo Pintoresco,372,Hawthorne,Nathaniel,1853,La estatua de nieve. Cuento americano,370,Madrid,40.4167047,-3.7035825,1850,The Snow Image,USA,Boston
El Universo Pintoresco,373,Hawthorne,Nathaniel,1853,La anciana doncella de Boston. Leyenda americana,371,Madrid,40.4167047,-3.7035825,1835,The White Old Maid,USA,Boston
Semanario Pintoresco,19,Radcliffe,Ann,1854,Los misterios de Udolfo,20,Madrid,40.4167047,-3.7035825,1794,The Mysteries of Udolpho,UK,London
Juan de la Cuesta y cía,28,Reeve,Clara,1854,El campeón de la virtud o El Batón Inglés,29,Valladolid,41.6521328,-4.728562,1777,The Champion of Virtue A Gothic Story or The Old Baron,UK,London
José M. Ducazcal,65,Gozlan,Léon,1854,Historia de dentó treinta mujeres,66,Madrid,40.4167047,-3.7035825,1860,Histoire de cent trente femmes,France,París
,101,Soulié,Frédéric,1854,Los dos cadáveres,102,Madrid,40.4167047,-3.7035825,1832,Les deux cadavres,France,París
P. Mellado,232,Nieritz,Gustav,1854,El silbato mágico o Los hijos de Hanuar,232,Madrid,40.4167047,-3.7035825,1835,Die Wunderpfeife,Germany,Leipzig
Semanario Pintoresco,251,"Balzac, de",Honoré,1854,La piel de zapa,251,Madrid,40.4167047,-3.7035825,1831,La Peau de Chagrin,France,París
Semanario Pintoresco,266,Dumas,Alexandre,1854,Un baile de máscaras,266,Madrid,40.4167047,-3.7035825,1833,Un bal masqué,France,París
Semanario Pintoresco Español,312,Nodier,Charles,1854,La hermana Beatriz,312,Madrid,40.4167047,-3.7035825,1837,Légende de Soeur Beatrix,France,París
Semanario Pintoresco Madrid,313,Nodier,Charles,1854,Inés de las Sierras,313,Madrid,40.4167047,-3.7035825,1837,Inés de las Sierras,France,París
Semanario Pintoresco,361,Sue,Eugène,1854,Atar-Gull,359,Madrid,40.4167047,-3.7035825,1831,Atar-Gull,France,París
J. Fernández,20,Radcliffe,Ann,1855,El confesonario de los penitentes negros,21,Madrid,40.4167047,-3.7035825,1797,The Italian,UK,London
A. Marzo,75,Hugo,Victor,1855,Han de Islandia,76,Madrid,40.4167047,-3.7035825,1823,Han d'Islande,France,París
Semanario Pintoresco,81,Janin,Jules,1855,El asno muerto,82,Madrid,40.4167047,-3.7035825,1829,L’âne mort et la femme guillotinée,France,París
,102,Soulié,Frédéric,1855,Las memorias del diablo,103,Madrid,40.4167047,-3.7035825,1837,Les mémoires du diable,France,París
Fernando de Castro,240,Zschokke,Heinrich,1855,La noche de Walpurgis,240,Habana,23.135305,-82.3589631,1812,Die Walpurgisnacht,Switzerland,Aarau
Semanario Pintoresco,314,Nodier,Charles,1855,La novena de la Candelaria,314,Madrid,40.4167047,-3.7035825,1838,La Nouvaine de la Chandeleur,France,París
Semanario Pintoresco,315,Nodier,Charles,1855,Trilby o el duende de Argail,315,Madrid,40.4167047,-3.7035825,1822,Trilby ou Le Lutin d'Argail,France,París
Semanario Pintoresco Español,316,Nodier,Charles,1855,La gruta del hombre muerto,316,Madrid,40.4167047,-3.7035825,1833,La Combe de l'homme mort,France,París
Semanario Pintoresco Español,317,Nodier,Charles,1855,Bautista Montauban,317,Madrid,40.4167047,-3.7035825,1833,Baptiste Montauban ou l'Idiot,France,París
La Ilustración,374,Hawthorne,Nathaniel,1855,La figura grande de piedra. Leyenda americana,372,Madrid,40.4167047,-3.7035825,1850,The Great Stone Face,USA,Boston
Semanario Pintoresco,375,Hawthorne,Nathaniel,1855,La mano roja,373,Madrid,40.4167047,-3.7035825,1843,The Birthmark,USA,Boston
Semanario Pintoresco,376,Hawthorne,Nathaniel,1855,Ricardo Digby. Leyenda americana,374,Madrid,40.4167047,-3.7035825,1837,The Man of Adamant,USA,Boston
,183,Scott,Walter,1856,La dama del lago,184,Madrid,40.4167047,-3.7035825,1810,The Lady of the Lake,UK,London
Las Novedades,197,Goethe,J. W.,1856,Fausto,197,Madrid,40.4167047,-3.7035825,1832,Faust,Germany,Stuttgart
Semanario Pintoresco,198,Goethe,J. W.,1856,Fausto,198,Madrid,40.4167047,-3.7035825,1832,Faust,Germany,Stuttgart
Semanario Pintoresco,318,Nodier,Charles,1856,La hada de las migajas,318,Madrid,40.4167047,-3.7035825,1832,La Fée aux miettes,France,París
Semanario Pintoresco,362,Sue,Eugène,1856,Atar-Gull,360,Madrid,40.4167047,-3.7035825,1831,Atar-Gull,France,París
Diario de Barcelona,398,Irving,Washington,1856,Cuentos de la Alhambra,396,Barcelona,41.3828939,2.1774322,1832,Tales of the Alhambra,USA,New York
,319,Nodier,Charles,1857,Las noches del lago,319,Madrid,40.4167047,-3.7035825,,,France,París
El Museo de las Familias,224,Hoffmann,E. T. A.,1857,La casa desierta,224,Madrid,40.4167047,-3.7035825,1817,Das òde Haus,Germany,Berlin
Pedro Prado y Torres,289,Gautier,Théophile,1857,El club de los consumidores de hachís,289,Madrid,40.4167047,-3.7035825,1851,Le club des Haschischins,France,París
Manuel Álvarez,363,Sue,Eugène,1857,Paula Monti o El Hotel Lambert,361,Madrid,40.4167047,-3.7035825,1842,Paula Monti ou l'Hôtel Lambert,France,París
El Museo Universal,408,Poe,Edgar Allan,1857,La semana de los tres domingos,406,Madrid,40.4167047,-3.7035825,1841,Three Sundays in a Week,USA,Philadelphia
Española,184,Scott,Walter,1858,Guy Mannering o El Astrólogo,185,Madrid,40.4167047,-3.7035825,1815,Guy Mannering,UK,London
Manuel de Ancos,267,Dumas,Alexandre,1858,La boca del infierno,267,Madrid,40.4167047,-3.7035825,1851,Le trou del'enfer,France,París
J. Heredia,320,Nodier,Charles,1858,Inés de las Sierras,320,Madrid,40.4167047,-3.7035825,1837,Inés de las Sierras,France,París
Luis García,409,Poe,Edgar Allan,1858,Historias extraordinarias,407,Madrid,40.4167047,-3.7035825,1840,Tales of the Grotesque and Arabesque,USA,Philadelphia
La América,410,Poe,Edgar Allan,1858,Revelación magnética,408,Madrid,40.4167047,-3.7035825,1844,Mesmeric Revelation,USA,New York
La América,412,Poe,Edgar Allan,1858,Sombra,410,Madrid,40.4167047,-3.7035825,1835,Shadow,USA,New York
El Porvenir,103,Soulié,Frédéric,1859,Los dos cadáveres,104,Barcelona,41.3828939,2.1774322,1832,Les deux cadavres,France,París
M. Minerva,268,Dumas,Alexandre,1859,La boca del infierno,268,Madrid,40.4167047,-3.7035825,1851,,France,París
El Atalaya,413,Poe,Edgar Allan,1859,Historias extraordinarias. Primera serie,411,Madrid,40.4167047,-3.7035825,1840,Tales of the Grotesque and Arabesque,USA,Philadelphia
El Atalaya,414,Poe,Edgar Allan,1859,Historias extraordinarias. Segunda serie,412,Madrid,40.4167047,-3.7035825,1840,Tales of the Grotesque and Arabesque,USA,Philadelphia
El Mundo Pintoresco,415,Poe,Edgar Allan,1859,Quién es él? Imaitación de Edgardo Poe,413,Madrid,40.4167047,-3.7035825,1841,The Murders of the Rue Morgue,USA,Philadelphia
José María de Zamora,399,Irving,Washington,1859,Cuentos de la Alhambra,397,Granada,37.18817,-3.60667,1832,Tales of the Alhambra,USA,New York
El Mundo Pintoresco,416,Poe,Edgar Allan,1859,El gato negro: Fantasía imitada de Edgardo Poe,414,Madrid,40.4167047,-3.7035825,1843,The Black Cat,USA,Philadelphia
La Correspondencia,417,Poe,Edgar Allan,1859,Cuentos inéditos,415,Madrid,40.4167047,-3.7035825,1840,Tales of the Grotesque and Arabesque,USA,Philadelphia
,488,Andersen,Hans Christian,1859,Los vestidos nuevos del emperador. Cuento danés,480,Madrid,40.4167047,-3.7035825,1844,Eventyr. Nye Eventyr,Denmark,Copenhagen
,269,Dumas,Alexandre,1860,Los mil y un fantasmas,269,París,48.8566101,2.3514992,1849,Les Mille et un Fantômes,France,París
N. Ramírez,321,Nodier,Charles,1860,Juan Bautista Montauban,321,Barcelona,41.3828939,2.1774322,1833,Baptiste Montauban ou l'Idiot,France,París
N. Ramírez,400,Irving,Washington,1860,El retrato misterioso,398,Barcelona,41.3828939,2.1774322,1824,The Story of the Young Italian,USA,New York
Las Novedades,418,Poe,Edgar Allan,1860,Historias extraordinarias,416,Madrid,40.4167047,-3.7035825,1840,Tales of the Grotesque and Arabesque,USA,Philadelphia
,419,Poe,Edgar Allan,1860,La verdad de lo que pasó en casa del señor Valdemar,417,Madrid,40.4167047,-3.7035825,1840,Tales of the Grotesque and Arabesque,USA,Philadelphia
,21,Radcliffe,Ann,1861,El confesonario de los penitentes negros,22,Cádiz,36.5298292,-6.2925679,1797,The Italian,UK,London
Puga,270,Dumas,Alexandre,1861,La mujer del collar de terciopelo,270,La Coruña,43.3712091,-8.3958768,1849,La femme au collier de vélours,France,París
La Revista Médica,279,Dumas (Hijo),Alexandre,1861,La caja de plata,279,Cádiz,36.5298292,-6.2925679,1853,La boîte d'argent,France,París
La Revista Médica,280,Erckmann / Chatrian,E. / A.,1861,Hugo el lobo,280,Cádiz,36.5298292,-6.2925679,1860,Hughes-le-Loup,France,París
José Ríos,420,Poe,Edgar Allan,1861,Aventuras de Arturo Gordon Pym,418,Valencia,39.4699014,-0.3759513,1838,The Narrative of Arthur Gordon Pym,USA,New York
La Correspondencia,66,Gozlan,Léon,1862,El vampiro de Valdegracia,67,Madrid,40.4167047,-3.7035825,1861,Le Vampire du Val-du-Grace,France,París
La Época,148,Dickens,Charles,1862,La campana de difuntos,149,Madrid,40.4167047,-3.7035825,1844,The Chimes: a Goblin Story of Some Bells that rang an Old Year out and a New One in,UK,London
El Semanario Popular,225,Hoffmann,E. T. A.,1862,El tonelero de Nuremberg,225,Madrid,40.4167047,-3.7035825,1819,Meister Martin der Knüpfer und seine Gesellen,Germany,Berlin
La Correspondencia de España,330,Rivière,Henri,1862,La mano cortada,330,Madrid,40.4167047,-3.7035825,1862,La main coupée,France,París
,401,Irving,Washington,1862,La torre maravillosa,399,Madrid,40.4167047,-3.7035825,1832,Tales of the Alhambra,USA,New York
,421,Poe,Edgar Allan,1862,Viaje a la luna,419,Valencia,39.4699014,-0.3759513,1835,The Unparalleled adventure of one Hans Pfaall,USA,Philadelphia
Narciso Ramírez,455,Perrault,Charles,1862,Cuentos de hadas,453,Barcelona,41.3828939,2.1774322,1697,Contes de ma mère l’Oye,France,París
Semanario Popular,473,Grimm,Jakob Y Wilhelm,1862,La liebre y el erizo,465,Madrid,40.4167047,-3.7035825,1857,Kinder- und Hausmärchen,Germany,Göttingen
Semanario Popular,474,Grimm,Jakob Y Wilhelm,1862,El huso la lanzadera y la aguja,466,Madrid,40.4167047,-3.7035825,1857,Kinder- und Hausmärchen,Germany,Göttingen
Semanario Popular,475,Grimm,Jakob Y Wilhelm,1862,Los tres hermanos,467,Madrid,40.4167047,-3.7035825,1857,Kinder- und Hausmärchen,Germany,Göttingen
Semanario Popular,476,Grimm,Jakob Y Wilhelm,1862,Los regalos de los hermanos,468,Madrid,40.4167047,-3.7035825,1857,Kinder- und Hausmärchen,Germany,Göttingen
Semanario Popular,477,Grimm,Jakob Y Wilhelm,1862,Los tres pelos de oro del diablo,469,Madrid,40.4167047,-3.7035825,1857,Kinder- und Hausmärchen,Germany,Göttingen
Semanario Popular,478,Grimm,Jakob Y Wilhelm,1862,La infiel Eva,470,Madrid,40.4167047,-3.7035825,1857,Kinder- und Hausmärchen,Germany,Göttingen
Semanario Popular,479,Grimm,Jakob Y Wilhelm,1862,Los tres ramos verdes,471,Madrid,40.4167047,-3.7035825,1857,Kinder- und Hausmärchen,Germany,Göttingen
Semanario Popular,480,Grimm,Jakob Y Wilhelm,1862,El judío de las espinas,472,Madrid,40.4167047,-3.7035825,1857,Kinder- und Hausmärchen,Germany,Göttingen
Semanario Popular,481,Grimm,Jakob Y Wilhelm,1862,La sepultura,473,Madrid,40.4167047,-3.7035825,1857,Kinder- und Hausmärchen,Germany,Göttingen
Semanario Popular,482,Grimm,Jakob Y Wilhelm,1862,Juan el Fiel,474,Madrid,40.4167047,-3.7035825,1857,Kinder- und Hausmärchen,Germany,Göttingen
,489,Andersen,Hans Christian,1862,La niña de los fósforos,481,Madrid,40.4167047,-3.7035825,1844,Eventyr. Nye Eventyr,Denmark,Copenhagen
La Abeja,237,Richter,Jean Paul,1862,Sueño del entierro,237,Barcelona,41.3828939,2.1774322,1796,Siebenkäs,Germany,Berlin
,422,Poe,Edgar Allan,1862,Dos pensamientos de E. Poe,420,Barcelona,41.3828939,2.1774322,1840,Tales of the Grotesque and Arabesque,USA,Philadelphia
Sopena,76,Hugo,Victor,1863,Han de Islandia,77,Barcelona,41.3828939,2.1774322,1823,Han d'Islande,France,París
Saturnino Calleja,124,Condesa De Genlis,Caroline-stéphanie-felicité Du Crest,1863,Las veladas de la quinta,125,Madrid,40.4167047,-3.7035825,1782,Les veillées du château ou cours morale à l'usage des enfants,France,París
La Corona,252,"Balzac, de",Honoré,1863,La última hechicera,252,Barcelona,41.3828939,2.1774322,1823,La dernière Fée ou La nouvelle lampe merveilleuse,France,París
,271,Dumas,Alexandre,1863,Los mil y un fantasmas,271,Madrid,40.4167047,-3.7035825,1849,Les Mille et un Fantômes,France,París
Oliveres,323,Nodier,Charles,1863,Cuentos fantásticos,323,Barcelona,41.3828939,2.1774322,,,France,París
El Museo Universal,377,Hawthorne,Nathaniel,1863,La mancha (Cuento Norte-americano),375,Madrid,40.4167047,-3.7035825,1843,The Birthmark,USA,Boston
Gaceta Literaria,378,Hawthorne,Nathaniel,1863,Castillos en el aire,376,Madrid,40.4167047,-3.7035825,1838,Peter Goldthwaite's Treasure,USA,Boston
E. Doménech,424,Poe,Edgar Allan,1863,Aventuras de Arturo Gordon Pym,422,Barcelona,41.3828939,2.1774322,1838,The Narrative of Arthur Gordon Pym,USA,New York
Abel Cedoux,456,Perrault,Charles,1863,Los cuentos de Perrault,454,París,48.8566101,2.3514992,1697,Contes de ma mère l’Oye,France,París
Diario de Barcelona,423,Poe,Edgar Allan,1863,Aventuras de Arturo Gordon Pym,421,Barcelona,41.3828939,2.1774322,1838,The Narrative of Arthur Gordon Pym,USA,New York
Banco Industrial,125,Condesa De Genlis,Caroline-stéphanie-felicité Du Crest,1864,Adela y Teodoro o Cartas sobre la educación,126,Madrid,40.4167047,-3.7035825,1782,Adèle et Théodore ou lettres sur l'éducation,France,París
Establecimiento Tipográfico,126,Condesa De Genlis,Caroline-stéphanie-felicité Du Crest,1864,Adela y Teodoro o Cartas sobre la educación,127,Madrid,40.4167047,-3.7035825,1782,Adèle et Théodore ou lettres sur l'éducation,France,París
La Abeja,199,Goethe,J. W.,1864,Fausto,199,Barcelona,41.3828939,2.1774322,1832,Faust,Germany,Stuttgart
I. López,200,Goethe,J. W.,1864,Fausto,200,Barcelona,41.3828939,2.1774322,1832,Faust,Germany,Stuttgart
Diario de Barcelona,281,Erckmann / Chatrian,E. / A.,1864,Cuentos de las orillas del Rhin,281,Barcelona,41.3828939,2.1774322,1862,Conies du bord du Rhin,France,París
Semanario Popular,483,Grimm,Jakob Y Wilhelm,1864,El arpa maravillosa,475,Madrid,40.4167047,-3.7035825,1857,Kinder- und Hausmärchen,Germany,Göttingen
Semanario Popular,484,Grimm,Jakob Y Wilhelm,1864,Viaje por mar,476,Madrid,40.4167047,-3.7035825,1857,Kinder- und Hausmärchen,Germany,Göttingen
,201,Goethe,J. W.,1865,Fausto,201,Barcelona,41.3828939,2.1774322,1832,Faust,Germany,Stuttgart
Cayetano Vidal y Valenciano,202,Goethe,J. W.,1866,Fausto,202,Barcelona,41.3828939,2.1774322,1832,Faust,Germany,Stuttgart
Alfonso Duran,290,Gautier,Théophile,1866,Espirita Novela fantástica,290,Madrid,40.4167047,-3.7035825,1865,Spiríte Nouvelle fantastique,France,París
,425,Poe,Edgar Allan,1866,El gato negro,423,Madrid,40.4167047,-3.7035825,1843,The Black Cat,USA,Philadelphia
,203,Goethe,J. W.,1867,Fausto,203,Barcelona,41.3828939,2.1774322,1832,Faust,Germany,Stuttgart
Biblioteca económica de instrucción y recreo,226,Hoffmann,E. T. A.,1867,Don Juan,226,Madrid,40.4167047,-3.7035825,1814,Don Juan,Germany,Berlin
Revista Hispanoamericana,426,Poe,Edgar Allan,1867,El gato negro,424,Madrid,40.4167047,-3.7035825,1843,The Black Cat,USA,Philadelphia
Gaspar,427,Poe,Edgar Allan,1867,El escarabajo de oro historia extraordinaria,425,Barcelona,41.3828939,2.1774322,1840,Tales of the Grotesque and Arabesque,USA,Philadelphia
Madrid,428,Poe,Edgar Allan,1867,¿Quién es el loco?,426,Madrid,40.4167047,-3.7035825,1845,The System of Dr Tarr and Professor Feather,USA,New York
Garnier,457,Perrault,Charles,1867,Cuentos de hadas,455,París,48.8566101,2.3514992,1697,Contes de ma mère l’Oye,France,París
Espasa Hermanos,35,Roche,Regina Maria,1868,Oscar y Amanda Amor y virtud triunfantes,36,Barcelona,41.3828939,2.1774322,1796,The Children of the Abbey,UK,London
,204,Goethe,J. W.,1868,Fausto,204,Barcelona,41.3828939,2.1774322,1832,Faust,Germany,Stuttgart
J. Carratalá,272,Dumas,Alexandre,1868,Un baile de máscaras,272,Alicante,38.353738,-0.4901846,1833,,France,París
,282,Erckmann / Chatrian,E. / A.,1868,Cuentos populares,282,Barcelona,41.3828939,2.1774322,1862,Contes populares,France,París
Cuesta,291,Gautier,Théophile,1868,Historia de una momia,291,Madrid,40.4167047,-3.7035825,1857,Le Roman de la Momie,France,París
La Corona,336,Sand,George,1868,La charca del diablo,334,Barcelona,41.3828939,2.1774322,1846,La Mare au Diable,France,París
la Biblioteca universal económica,429,Poe,Edgar Allan,1868,Los angla-americanos en el Polo-Sur. Aventuras de Arturo Gordon Pym,427,Madrid,40.4167047,-3.7035825,1838,The Narrative of Arthur Pym,USA,Philadephia
Librería Ibérica,364,Sue,Eugène,1869,El judío errante,362,Barcelona,41.3828939,2.1774322,1844,Le juif errant,France,París
J. E. Morete,430,Poe,Edgar Allan,1869,Aventura sin igual de un cierto Hans Pfaal,428,Madrid,40.4167047,-3.7035825,1835,The Unparalleled adventure of one Hans Pfaall,USA,New York
Juan Pons,5,Lewis,Mathew Gregory,1870,El fraile,6,Barcelona,41.3828939,2.1774322,1797,The Monk,UK,London
Pascual Aguilar,149,Dickens,Charles,1870,El endemoniado,150,Valencia,39.4699014,-0.3759513,1848,The Haunted Man and the Ghost's Bargain,UK,London
,490,Andersen,Hans Christian,1870,Cuentos escogidos,482,Madrid,40.4167047,-3.7035825,1844,Eventyr. Nye Eventyr,Denmark,Copenhagen
,365,Sue,Eugène,1871,El judío errante,363,Barcelona,41.3828939,2.1774322,1844,Le juif errant,France,París
Eduardo Perié,431,Poe,Edgar Allan,1871,Historias extraordinarias,429,Sevilla,37.3886303,-5.9953171,1840,Tales of the Grotesque and Arabesque,USA,Philadelphia
Espasa Hermanos,36,Roche,Regina Maria,1872,Oscar y Amanda Amor y virtud triunfantes,37,Barcelona,41.3828939,2.1774322,1796,The Children of the Abbey,UK,London
Pérez Dubrull,283,Erckmann / Chatrian,E. / A.,1872,Cuentos fantásticos,283,Madrid,40.4167047,-3.7035825,1860,Contes fantastiques,France,París
Gaspar y Roig,369,Verne,Jules,1872,Maese Zacarías,367,Madrid,40.4167047,-3.7035825,1854,Maître Zacharius ou l'Horloger qui a perdu son âme,France,París
Rosa y Bouret,458,Perrault,Charles,1872,Cuentos de hadas,456,París,48.8566101,2.3514992,1697,Contes de ma mère l’Oye,France,París
,193,Bürger,G. A.,1873,Lenora,193,Madrid,40.4167047,-3.7035825,1774,Lenore,Germany,Göttingen
La Galería Literaria,449,Condesa d'Aulnoy,Marie-Catherine Le Jumet De Berneville,1873,Cuentos de hadas,447,Madrid,40.4167047,-3.7035825,1696,Contes des fées,France,París
El Periódico para Todos,150,Dickens,Charles,1874,El espectro,151,Madrid,40.4167047,-3.7035825,1866,The Haunted Man,UK,London
Medina y Navarro,381,Hawthorne,Nathaniel,1875,Cuentos mitológicos,379,Madrid,40.4167047,-3.7035825,1842,Twice told tales,USA,Boston
,432,Poe,Edgar Allan,1875,El escarabajo de oro,430,Madrid,40.4167047,-3.7035825,1843,Tales of the Grotesque and Arabesque,USA,Philadelphia
,433,Poe,Edgar Allan,1875,El gato negro,431,Madrid,40.4167047,-3.7035825,1843,The Black Cat,USA,Philadelphia
Revista Europea,379,Hawthorne,Nathaniel,1875,Los pigmeos,377,Barcelona,41.3828939,2.1774322,1853,The Pygmies,USA,Boston
Revista Europea,380,Hawthorne,Nathaniel,1875,El paraíso perdido,378,Barcelona,41.3828939,2.1774322,1852,The Paradise of Children,USA,Boston
Eduardo Martínez,88,Pigault-Lebrun,Charles Antoine Guillaume,1876,Los barones de Felsheim,89,Madrid,40.4167047,-3.7035825,1802,Les barons de Felsheim,France,París
Juan Oliveras,185,Scott,Walter,1876,Historia de los demoniosy las brujas,186,Barcelona,41.3828939,2.1774322,1830,Letters on Demonology and Witchcraft,UK,London
,205,Goethe,J. W.,1876,Fausto,205,Barcelona,41.3828939,2.1774322,1832,Faust,Germany,Stuttgart
Revista Contemporánea,206,Goethe,J. W.,1876,Fausto,206,Madrid,40.4167047,-3.7035825,1832,Faust,Germany,Stuttgart
Biblioteca de Buenas Novelas,228,Hoffmann,E. T. A.,1876,El Mayorazgo,228,Madrid,40.4167047,-3.7035825,1817,Das Majorat,Germany,Berlin
E. Roger Bofarull,253,"Balzac, de",Honoré,1876,¡Vivir siempre!,253,Barcelona,41.3828939,2.1774322,1822,Le centenaire ou les deux Béringheld,France,París
Juan y Antonio Bastinos,459,Perrault,Charles,1876,Cuentos de hadas,457,Barcelona,41.3828939,2.1774322,1697,Contes de ma mère l’Oye,France,París
Manuel Saurí,77,Hugo,Victor,1877,Bug-Jargal,78,Barcelona,41.3828939,2.1774322,1826,Bug-Jargal,France,París
,254,"Balzac, de",Honoré,1877,Cuentos fantásticos,254,Madrid,40.4167047,-3.7035825,1887,,France,París
Casa Ed. de González y Cía,255,"Balzac, de",Honoré,1877,Jesucristo en Flandes,255,Barcelona,41.3828939,2.1774322,1831,Jésus-Christ en Flandre,France,París
,273,Dumas,Alexandre,1877,Historia de un muerto contada por él mismo,273,La Coruña,43.3712091,-8.3958768,1850,Histoire d'un mort raconteée par lui-même,France,París
,194,Bürger,G. A.,1878,Eleonora,194,Madrid,40.4167047,-3.7035825,1774,Lenore,Germany,Göttingen
,207,Goethe,J. W.,1878,Fausto,207,Barcelona,41.3828939,2.1774322,1832,Faust,Germany,Stuttgart
,208,Goethe,J. W.,1878,Fausto,208,Madrid,40.4167047,-3.7035825,1832,Faust,Germany,Stuttgart
Querol y Domènech,434,Poe,Edgar Allan,1878,Aventuras maravillosas,432,Valencia,39.4699014,-0.3759513,1840,Tales of the Grotesque and Arabesque,USA,Philadelphia
Pascual Aguilar,151,Dickens,Charles,1879,Cántico de Noche-Buena,152,Valencia,39.4699014,-0.3759513,1843,A Christmas Carol,UK,London
Revista de España,435,Poe,Edgar Allan,1879,El gato negro,433,Madrid,40.4167047,-3.7035825,1843,The Black Cat,USA,Philadelphia
Gaspar,485,Grimm,Jakob Y Wilhelm,1879,Cuentos escogidos,477,Madrid,40.4167047,-3.7035825,1857,Kinder- und Hausmärchen,Germany,Göttingen
Gaspar,491,Andersen,Hans Christian,1879,Cuentos escogidos,483,Madrid,40.4167047,-3.7035825,1844,Eventyr. Nye Eventyr,Denmark,Copenhagen
Cortezo y Cía,492,Andersen,Hans Christian,1879,Cuentos,484,Barcelona,41.3828939,2.1774322,1844,Eventyr. Nye Eventyr,Denmark,Copenhagen
Pascual Aguilar,152,Dickens,Charles,1880,Fantasías,153,Valencia,39.4699014,-0.3759513,,,UK,London
Renaxensa,153,Dickens,Charles,1880,La voz del campanario: historia maravillosa para fin de año y comienzos del nuevo,154,Barcelona,41.3828939,2.1774322,1844,The Chimes,UK,London
Día de Moda,156,Murray,E. Grenville,1880,El suicida vivo,157,Madrid,40.4167047,-3.7035825,1875,An English Tale,UK,London
Renaxensa,227,Hoffmann,E. T. A.,1880,Cuentos fantásticos,227,Barcelona,41.3828939,2.1774322,1821,Serapion-Brüder,Germany,Berlin
La Guirnalda,284,Erckmann / Chatrian,E. / A.,1880,La posada de los tres ahorcados,284,Madrid,40.4167047,-3.7035825,1862,L'Oeil invisible ou l'Auberge des trois pendus,France,París
Querol y Doménech,292,Gautier,Théophile,1880,Avatar,292,Valencia,39.4699014,-0.3759513,1856,Avatar,France,París
Extranjera de Hijos de Rodríguez,324,Nodier,Charles,1880,Inés de las Sierras,324,Valladolid,41.6521328,-4.728562,1837,Inés de las Sierras,France,París
,366,Sue,Eugène,1880,El judío errante,364,Madrid,40.4167047,-3.7035825,1844,Le juif errant,France,París
Jesús Gracia,78,Hugo,Victor,1881,Bug-Jargal,79,Madrid,40.4167047,-3.7035825,1826,Bug-Jargal,France,París
E. Roger Bofarull,256,"Balzac, de",Honoré,1881,¡Vivir siempre!,256,Barcelona,41.3828939,2.1774322,1822,Le centenaire ou les deux Béringheld,France,París
Ch Bouret,325,Nodier,Charles,1881,Tesoro de las Habas y Flor de Garbanzo,325,París,48.8566101,2.3514992,1833,Trésor des Fèves et Fleur des Pois,France,París
Ch Bouret,326,Nodier,Charles,1881,Historia del perro de Brisquet,326,París,48.8566101,2.3514992,1844,Histoirde du chien de Brisquet,France,París
,367,Sue,Eugène,1881,El judío errante,365,Madrid,40.4167047,-3.7035825,1844,Le juif errant,France,París
Garnier hermanos,37,Roche,Regina Maria,1882,Oscar y Amanda,38,París,48.8566101,2.3514992,1796,The Children of the Abbey,UK,London
,209,Goethe,J. W.,1882,Fausto,209,Barcelona,41.3828939,2.1774322,1832,Faust,Germany,Stuttgart
Luis Tasso y Serra,285,Erckmann / Chatrian,E. / A.,1882,Hugo el lobo,285,Barcelona,41.3828939,2.1774322,1860,Hughes-le-Loup,France,París
Manuel Tello,382,Hawthorne,Nathaniel,1882,Una carta de Miss Greenwood y cuatro cuentos de N. Hawthorne,380,Madrid,40.4167047,-3.7035825,1842,Twice told tales,USA,Boston
Manuel Tello,383,Hawthorne,Nathaniel,1882,El agua de la Florida,381,Madrid,40.4167047,-3.7035825,1842,Twice told tales,USA,Boston
Manuel Tello,384,Hawthorne,Nathaniel,1882,El tesoro escondido y Los pigmeos,382,Madrid,40.4167047,-3.7035825,1838,Peter Goldwhaite's Treasure,USA,Boston
Manuel Tello,385,Hawthorne,Nathaniel,1882,El vellocino de oro,383,Madrid,40.4167047,-3.7035825,1853,The Golden Fleece,USA,Boston
Fundición de Manuel Tello,402,Irving,Washington,1882,Memorias de un gobernador,400,Madrid,40.4167047,-3.7035825,1820,The Early Experiences of Ralph Ringwood,USA,New York
Manuel Tello,403,Irving,Washington,1882,Cuentos de la Alhambra,401,Madrid,40.4167047,-3.7035825,1832,Tales of the Alhambra,USA,New York
Pascual Aguilar,436,Poe,Edgar Allan,1882,Aventuras maravillosas,434,Valencia,39.4699014,-0.3759513,1840,Tales of the Grotesque and Arabesque,USA,Philadelphia
Manuel Tello,437,Poe,Edgar Allan,1882,Morella,435,Madrid,40.4167047,-3.7035825,1835,Tales of the Grotesque and Arabesque,USA,New York
Biblioteca Universal,154,Dickens,Charles,1883,El cántico de Navidad,155,Madrid,40.4167047,-3.7035825,1843,A Christmas Carol,UK,London
Ulpiano Gómez,257,"Balzac, de",Honoré,1883,Cuentos droláticos,257,Madrid,40.4167047,-3.7035825,1832,Contes drolatiques,France,París
Gaspar,286,Erckmann / Chatrian,E. / A.,1883,Cuentos de la orilla del Rhin,286,Madrid,40.4167047,-3.7035825,1862,Conies du bord du Rhin,France,París
Luis Tasso Sierra,287,Erckmann / Chatrian,E. / A.,1883,Cuentos de la orilla del Rhin,287,Barcelona,41.3828939,2.1774322,1862,Conies du bord du Rhin,France,París
Eduardo Menguíbar,438,Poe,Edgar Allan,1883,El Barón por Edgardo Poe,436,Madrid,40.4167047,-3.7035825,1840,Tales of the Grotesque and Arabesque,USA,Philadelphia
La América,446,Poe,Edgar Allan,1883,La canción de Hollands. Un cuento inédito de Edgardo Poe,444,Madrid,40.4167047,-3.7035825,1840,Tales of the Grotesque and Arabesque,USA,Philadelphia
Juan y Antonio Bastinos,460,Perrault,Charles,1883,Cuentos de hadas,458,Barcelona,41.3828939,2.1774322,1697,Contes de ma mère l’Oye,France,París
Tasso,461,Perrault,Charles,1883,Cuentos de Perrault y de Madame Beaumont,459,Barcelona,41.3828939,2.1774322,1697,Contes de ma mère l’Oye,France,París
F. Giró,493,Andersen,Hans Christian,1883,Cuentos,485,Barcelona,41.3828939,2.1774322,1844,Eventyr. Nye Eventyr,Denmark,Copenhagen
El Cosmos Editorial,293,Gautier,Théophile,1884,La muerte enamorada,293,Madrid,40.4167047,-3.7035825,1836,La morte amoureuse,France,París
Pascual Aguilar,439,Poe,Edgar Allan,1884,Aventuras maravillosas,437,Valencia,39.4699014,-0.3759513,1840,Tales of the Grotesque and Arabesque,USA,Philadelphia
Garnier Hermanos,440,Poe,Edgar Allan,1884,Novelas y cuentos,438,París,48.8566101,2.3514992,1840,Tales of the Grotesque and Arabesque,USA,Philadelphia
Garnier Hermanos,462,Perrault,Charles,1884,Los cuentos de Perrault,460,París,48.8566101,2.3514992,1697,Contes de ma mère l’Oye,France,París
Daniel Cortezo y Cía,274,Dumas,Alexandre,1885,Los mil y un fantasmas,274,Barcelona,41.3828939,2.1774322,1849,Les Mille et un Fantômes,France,París
,294,Gautier,Théophile,1885,Avatar,294,Alicante,38.353738,-0.4901846,1856,Avatar,France,París
Biblioteca Universal,210,Goethe,J. W.,1886,Fausto,210,Madrid,40.4167047,-3.7035825,1832,Faust,Germany,Stuttgart
José Millán,295,Gautier,Théophile,1886,Avatar,295,Pontevedra,42.3620772,-8.53325445039805,1856,Avatar,France,París
El Cosmos Editorial,296,Gautier,Théophile,1886,Jettatura,296,Madrid,40.4167047,-3.7035825,1856,Jetíatura,France,París
Agustín Jubera,370,Verne,Jules,1886,Frritt-Flacc,368,Madrid,40.4167047,-3.7035825,1886,Frritt-Flacc,France,París
Manuel Saurí,79,Hugo,Victor,1887,Han de Islandia o el hombre fiera,80,Barcelona,41.3828939,2.1774322,1823,Han d'Islande,France,París
Biblioteca Arte y Letras,229,Hoffmann,E. T. A.,1887,Cuentos fantásticos,229,Barcelona,41.3828939,2.1774322,1821,Serapion-Brüder,Germany,Berlin
,258,"Balzac, de",Honoré,1887,Cuentos fantásticos. La Marana,258,Alicante,38.353738,-0.4901846,1834,La Marana,France,París
,404,Irving,Washington,1887,Cuentos de la Alhambra,402,Barcelona,41.3828939,2.1774322,1832,Tales of the Alhambra,USA,New York
,441,Poe,Edgar Allan,1887,Aventuras de Arturo Gordon Pym,439,Madrid,40.4167047,-3.7035825,1838,The Narrative of Arthur Pym,USA,Philadelphia
Daniel Cortezo y Cía,442,Poe,Edgar Allan,1887,Historias extraordinarias,440,Barcelona,41.3828939,2.1774322,1840,Tales of the Grotesque and Arabesque,USA,Philadelphia
Viuda e Hijos de P. V. Sabatel,405,Irving,Washington,1888,Cuentos de la Alhambra,403,Granada,37.18817,-3.60667,1832,Tales of the Alhambra,USA,New York
Garnier Hermanos,38,Roche,Regina Maria,1889,Oscar y Amanda,39,París,48.8566101,2.3514992,1796,The Children of the Abbey,UK,London
Biblioteca del siglo XIX,276,Dumas,Alexandre,1889,Historia de un muerto contada por él mismo,276,Barcelona,41.3828939,2.1774322,1850,Histoire d'un mort raconteée par lui-même,France,París
Juan Pons,275,Dumas,Alexandre,1889,Un baile de máscaras,275,Barcelona,41.3828939,2.1774322,1833,Un bal masqué,France,París
Juan Pons,82,Janin,Jules,1890,El asno muerto,83,Barcelona,41.3828939,2.1774322,1829,L’âne mort et la femme guillotinée,France,París
Biblioteca Selecta,155,Dickens,Charles,1890,Cántico de Noche-Buena,156,Valencia,39.4699014,-0.3759513,1843,A Christmas Carol,UK,London
Carbonell y Esteva,231,Hoffmann,E. T. A.,1890,Cuentos fantásticos,231,Barcelona,41.3828939,2.1774322,1821,Serapion-Brüder,Germany,Berlin
Juan Pons,259,"Balzac, de",Honoré,1890,El verdugo,259,Barcelona,41.3828939,2.1774322,1830,Le Bourreau,France,París
Carbonell y Esteva,260,"Balzac, de",Honoré,1890,El elixir de larga vida,260,Barcelona,41.3828939,2.1774322,1830,L'Elixir de longue vie,France,París
Calpense,261,Cazotte,Jacques,1890,El diablo enamorado,261,Gibraltar,36.140807,-5.3541295,1772,Le diable amoureux,France,París
Querol y Domènech,297,Gautier,Théophile,1890,Avatar,297,Valencia,39.4699014,-0.3759513,1856,Avatar,France,París
,304,Mérimée,Prosper,1890,Cuentos y novelas,304,Barcelona,41.3828939,2.1774322,1837,,France,París
N. Ramírez,322,Nodier,Charles,1890,Sor Beatriz,322,Barcelona,41.3828939,2.1774322,,,France,París
Juan Pons,328,Nodier,Charles,1890,Inés de las Sierras,328,Barcelona,41.3828939,2.1774322,,Inés de las Sierras,France,París
Juan Pons,329,Nodier,Charles,1890,Juan Bautista Montauban,329,Barcelona,41.3828939,2.1774322,1833,Baptiste Montauban ou l'Idiot,France,París
Juan Pons,443,Poe,Edgar Allan,1890,Historias extraordinarias,441,Barcelona,41.3828939,2.1774322,1840,Tales of the Grotesque and Arabesque,USA,Philadelphia
,368,Sue,Eugène,1892,Paula Monti,366,Alicante,38.353738,-0.4901846,1842,Paula Monti ou l'Hôtel Lambert,France,París
Juan Pons,444,Poe,Edgar Allan,1892,Nuevas historias extraordinarias,442,Barcelona,41.3828939,2.1774322,1840,Tales of the Grotesque and Arabesque,USA,Philadelphia
,463,Perrault,Charles,1892,Cuentos,461,Madrid,40.4167047,-3.7035825,167,Contes de ma mère l’Oye,France,París
,277,Dumas,Alexandre,1893,La mujer del collar de terciopelo,277,Alicante,38.353738,-0.4901846,1849,la femme au collier de vélours,France,París
El Liberal,278,Dumas,Alexandre,1893,La mujer del collar de terciopelo,278,Alicante,38.353738,-0.4901846,1849,la femme au collier de vélours,France,París
Antonio Reus,298,Gautier,Théophile,1893,Espíritu,298,Alicante,38.353738,-0.4901846,1865,Spirite Nouvelle fantastique,France,París
La España Moderna,302,Maupassant,Guy De,1893,El miedo,302,Madrid,40.4167047,-3.7035825,1882,La Premature,France,París
,407,Irving,Washington,1893,Los buscadores de tesoros,405,Barcelona,41.3828939,2.1774322,1824,The Money-Diners,USA,New York
Viuda e Hijos de P. V. Sabatel,406,Irving,Washington,1893,Cuentos de la Alhambra,404,Granada,37.18817,-3.60667,1832,Tales of the Alhambra,USA,New York
Fernando Fe,241,Zschokke,Heinrich,1894,El muerto prometido,241,Madrid,40.4167047,-3.7035825,1825,,Switzerland,Aarau
Alfonso Duran,299,Gautier,Théophile,1894,Espirita Novela fantástica,299,Madrid,40.4167047,-3.7035825,1865,Spirite Nouvelle fantastique,France,París
Pascual Aguilar,300,Gautier,Théophile,1894,Espirita,300,Valencia,39.4699014,-0.3759513,1865,Spirite Nouvelle fantastique,France,París
,301,Gautier,Théophile,1894,Espirita,301,Madrid,40.4167047,-3.7035825,1865,Spirite Nouvelle fantastique,France,París
A. Marzo,303,Maupassant,Guy De,1894,La mano,303,Madrid,40.4167047,-3.7035825,1883,La main,France,París
La Hormiga de Oro,494,Andersen,Hans Christian,1894,Cuentos y fantasías,486,Barcelona,41.3828939,2.1774322,1844,Eventyr. Nye Eventyr,Denmark,Copenhagen
Heinrich y Cía,486,Grimm,Jakob Y Wilhelm,1896,Cuentos escogidos,478,Barcelona,41.3828939,2.1774322,1857,Kinder- und Hausmärchen,Germany,Göttingen
Calleja,487,Grimm,Jakob Y Wilhelm,1896,Cuentos escogidos,479,Madrid,40.4167047,-3.7035825,1857,Kinder- und Hausmärchen,Germany,Göttingen
Pascual Aguilar,186,Scott,Walter,1897,El enano negro,187,Valencia,39.4699014,-0.3759513,1817,The Black Dwarf,UK,London
Badía,211,Goethe,J. W.,1897,Fausto,211,Barcelona,41.3828939,2.1774322,1832,Faust,Germany,Stuttgart
,445,Poe,Edgar Allan,1897,Un crimen misterioso,443,Barcelona,41.3828939,2.1774322,1840,Tales of the Grotesque and Arabesque,USA,Philadelphia
Avrial,230,Hoffmann,E. T. A.,1898,Mlle de Scuderi,230,Madrid,40.4167047,-3.7035825,1820,Das Fräulein von Scuderi,Germany,Berlin
Heinrich y Cía,195,Von Chamisso,Adelbert,1899,Pedro Schlemihl o El hombre sin sombra,195,Barcelona,41.3828939,2.1774322,1814,Peter Schlemihls wundersame Geschichte,Germany,Nürnberg
Calleja,495,Andersen,Hans Christian,1899,Cuentos,487,Madrid,40.4167047,-3.7035825,1844,Eventyr. Nye Eventyr,Denmark,Copenhagen
